-- phpMyAdmin SQL Dump
-- version 4.9.0.1
-- https://www.phpmyadmin.net/
--
-- Host: 127.0.0.1
-- Generation Time: Apr 23, 2021 at 05:18 PM
-- Server version: 10.3.16-MariaDB
-- PHP Version: 7.3.7

SET SQL_MODE = "NO_AUTO_VALUE_ON_ZERO";
SET AUTOCOMMIT = 0;
START TRANSACTION;
SET time_zone = "+00:00";


/*!40101 SET @OLD_CHARACTER_SET_CLIENT=@@CHARACTER_SET_CLIENT */;
/*!40101 SET @OLD_CHARACTER_SET_RESULTS=@@CHARACTER_SET_RESULTS */;
/*!40101 SET @OLD_COLLATION_CONNECTION=@@COLLATION_CONNECTION */;
/*!40101 SET NAMES utf8mb4 */;

--
-- Database: `capstone`
--

-- --------------------------------------------------------

--
-- Table structure for table `activity_log`
--

CREATE TABLE `activity_log` (
  `activity_log_id` int(11) NOT NULL,
  `username` varchar(100) NOT NULL,
  `date` varchar(100) NOT NULL,
  `action` varchar(100) NOT NULL
) ENGINE=InnoDB DEFAULT CHARSET=latin1;

--
-- Dumping data for table `activity_log`
--

INSERT INTO `activity_log` (`activity_log_id`, `username`, `date`, `action`) VALUES
(1, 'jkev', '2013-11-18 15:25:33', 'Add Subject RIZAL'),
(2, 'jkev', '2013-11-18 15:27:08', 'Edit Subject RIZAL'),
(3, '', '2013-11-18 15:30:46', 'Edit Subject IS 221'),
(4, '', '2013-11-18 15:31:12', 'Edit Subject IS 222'),
(5, '', '2013-11-18 15:31:24', 'Edit Subject IS 223'),
(6, '', '2013-11-18 15:31:34', 'Edit Subject IS 224'),
(7, '', '2013-11-18 15:31:54', 'Edit Subject IS 227'),
(8, '', '2013-11-18 15:32:37', 'Add Subject IS 411B'),
(9, '', '2013-11-18 15:34:54', 'Edit User jkev'),
(10, 'jkev', '2014-01-17 13:26:18', 'Add User admin'),
(11, 'admin', '2020-12-21 08:37:51', 'Add Subject 1234'),
(12, 'admin', '2021-04-23 14:09:33', 'Add School Year 2020-2021'),
(13, 'admin', '2021-04-23 14:09:51', 'Add School Year 2021-2022'),
(14, 'admin', '2021-04-23 14:23:38', 'Add User mawioo');

-- --------------------------------------------------------

--
-- Table structure for table `answer`
--

CREATE TABLE `answer` (
  `answer_id` int(11) NOT NULL,
  `quiz_question_id` int(11) NOT NULL,
  `answer_text` varchar(100) NOT NULL,
  `choices` varchar(3) NOT NULL
) ENGINE=InnoDB DEFAULT CHARSET=latin1;

--
-- Dumping data for table `answer`
--

INSERT INTO `answer` (`answer_id`, `quiz_question_id`, `answer_text`, `choices`) VALUES
(81, 32, 'john', 'A'),
(82, 32, 'smith', 'B'),
(83, 32, 'kevin', 'C'),
(84, 32, 'lorayna', 'D'),
(85, 34, 'Peso', 'A'),
(86, 34, 'PHP Hypertext', 'B'),
(87, 34, 'PHP Hypertext Preprosesor', 'C'),
(88, 34, 'Philippines', 'D'),
(89, 36, 'Right', 'A'),
(90, 36, 'Wrong', 'B'),
(91, 36, 'Wrong', 'C'),
(92, 36, 'Wrong', 'D');

-- --------------------------------------------------------

--
-- Table structure for table `assignment`
--

CREATE TABLE `assignment` (
  `assignment_id` int(11) NOT NULL,
  `floc` varchar(300) NOT NULL,
  `fdatein` varchar(100) NOT NULL,
  `fdesc` varchar(100) NOT NULL,
  `teacher_id` int(11) NOT NULL,
  `class_id` int(11) NOT NULL,
  `fname` varchar(100) NOT NULL
) ENGINE=InnoDB DEFAULT CHARSET=latin1;

--
-- Dumping data for table `assignment`
--

INSERT INTO `assignment` (`assignment_id`, `floc`, `fdatein`, `fdesc`, `teacher_id`, `class_id`, `fname`) VALUES
(2, 'uploads/6843_File_Doc3.docx', '2013-10-11 01:24:32', 'fasfasf', 13, 36, 'Assignment number 1'),
(3, 'uploads/3617_File_login.mdb', '2013-10-28 19:35:28', 'q', 9, 80, 'q'),
(4, 'admin/uploads/7146_File_normalization.ppt', '2013-10-30 18:48:15', 'fsaf', 9, 95, 'fsaf'),
(5, 'admin/uploads/7784_File_ABSTRACT.docx', '2013-10-30 18:48:33', 'fsaf', 9, 95, 'dsaf'),
(6, 'admin/uploads/4536_File_ABSTRACT.docx', '2013-10-30 18:53:32', 'file', 9, 95, 'abstract'),
(10, 'admin/uploads/2209_File_598378_543547629007198_436971088_n.jpg', '2013-11-01 13:13:18', 'fsafasf', 9, 95, 'Assignment#2'),
(11, 'admin/uploads/1511_File_bootstrap.css', '2013-11-01 13:18:25', 'sdsa', 9, 95, 'css'),
(12, 'admin/uploads/4309_File_new  2.txt', '2013-11-17 23:21:46', 'test', 12, 145, 'test'),
(13, 'admin/uploads/5901_File_IS 112-Personal Productivity Using IS.doc', '2013-11-18 16:59:35', 'q', 12, 145, 'q'),
(15, 'admin/uploads/7077_File_win_boot_screen_16_9_by_medi_dadu-d4s7dc1.gif', '2013-11-25 10:38:45', 'afs', 18, 159, 'dasf'),
(16, 'admin/uploads/8470_File_win_boot_screen_16_9_by_medi_dadu-d4s7dc1.gif', '2013-11-25 10:39:19', 'test', 18, 160, 'assign1'),
(17, 'admin/uploads/2840_File_IMG_0698.jpg', '2013-11-25 15:53:20', 'q', 12, 161, 'q'),
(19, '', '2013-12-07 20:11:39', 'kevin test', 12, 162, ''),
(20, '', '2013-12-07 20:26:43', 'dasddsd', 12, 145, ''),
(21, '', '2013-12-07 20:26:43', 'dasddsd', 12, 162, ''),
(22, '', '2013-12-07 20:27:18', 'dasffsafsaf', 12, 162, ''),
(23, '', '2013-12-07 20:33:11', 'test', 12, 162, ''),
(24, 'admin/uploads/7053_File_win_boot_screen_16_9_by_medi_dadu-d4s7dc1.gif', '2013-12-07 20:39:05', 'kevin', 12, 0, 'kevin'),
(25, 'admin/uploads/2417_File_win_boot_screen_16_9_by_medi_dadu-d4s7dc1.gif', '2013-12-07 20:41:10', 'kevin', 12, 0, 'kevin'),
(26, 'admin/uploads/8095_File_win_boot_screen_16_9_by_medi_dadu-d4s7dc1.gif', '2013-12-07 20:43:25', 'kevin', 12, 0, 'kevin'),
(27, 'admin/uploads/4089_File_win_boot_screen_16_9_by_medi_dadu-d4s7dc1.gif', '2013-12-07 20:47:48', 'fasfafaf', 12, 0, 'fasf'),
(28, 'admin/uploads/2948_File_win_boot_screen_16_9_by_medi_dadu-d4s7dc1.gif', '2013-12-07 20:48:59', 'dasdasd', 12, 0, 'dasd'),
(29, 'admin/uploads/5971_File_win_boot_screen_16_9_by_medi_dadu-d4s7dc1.gif', '2013-12-07 20:50:47', 'dasdasd', 12, 0, 'dsad'),
(30, 'admin/uploads/6926_File_Resume.docx', '2014-02-13 11:27:59', 'q', 12, 167, 'q'),
(31, 'admin/uploads/8289_File_sample.pdf', '2020-12-21 09:56:48', 'asdasd', 9, 186, 'asdasd');

-- --------------------------------------------------------

--
-- Table structure for table `class`
--

CREATE TABLE `class` (
  `class_id` int(11) NOT NULL,
  `class_name` varchar(100) NOT NULL
) ENGINE=InnoDB DEFAULT CHARSET=latin1;

--
-- Dumping data for table `class`
--

INSERT INTO `class` (`class_id`, `class_name`) VALUES
(7, 'SOCCER U15'),
(8, 'SOCCER U18'),
(12, 'SOCCER U22'),
(13, 'RUGBY U17'),
(14, 'RUGBY U21'),
(15, 'RUGBY T'),
(16, 'CARVING'),
(17, 'MODELING');

-- --------------------------------------------------------

--
-- Table structure for table `class_quiz`
--

CREATE TABLE `class_quiz` (
  `class_quiz_id` int(11) NOT NULL,
  `teacher_class_id` int(11) NOT NULL,
  `quiz_time` int(11) NOT NULL,
  `quiz_id` int(11) NOT NULL
) ENGINE=InnoDB DEFAULT CHARSET=latin1;

--
-- Dumping data for table `class_quiz`
--

INSERT INTO `class_quiz` (`class_quiz_id`, `teacher_class_id`, `quiz_time`, `quiz_id`) VALUES
(13, 167, 3600, 3),
(14, 167, 3600, 3),
(15, 167, 1800, 3),
(16, 185, 900, 0),
(17, 186, 1800, 6);

-- --------------------------------------------------------

--
-- Table structure for table `class_subject_overview`
--

CREATE TABLE `class_subject_overview` (
  `class_subject_overview_id` int(11) NOT NULL,
  `teacher_class_id` int(11) NOT NULL,
  `content` varchar(10000) NOT NULL
) ENGINE=InnoDB DEFAULT CHARSET=latin1;

--
-- Dumping data for table `class_subject_overview`
--

INSERT INTO `class_subject_overview` (`class_subject_overview_id`, `teacher_class_id`, `content`) VALUES
(1, 167, '<p>Chapter&nbsp; 1</p>\r\n\r\n<p>Cha</p>\r\n');

-- --------------------------------------------------------

--
-- Table structure for table `content`
--

CREATE TABLE `content` (
  `content_id` int(11) NOT NULL,
  `title` varchar(100) NOT NULL,
  `content` mediumtext NOT NULL
) ENGINE=InnoDB DEFAULT CHARSET=latin1;

--
-- Dumping data for table `content`
--

INSERT INTO `content` (`content_id`, `title`, `content`) VALUES
(1, 'Mission', '<pre>\r\n<span style=\"font-size:16px\"><strong>Mission</strong></span></pre>\r\n\r\n<p style=\"text-align:left\"><span style=\"font-family:arial,helvetica,sans-serif; font-size:medium\"><span style=\"font-size:large\">&nbsp; &nbsp; &nbsp; &nbsp; &nbsp; &nbsp; &nbsp;</span></span>&nbsp; &nbsp;<span style=\"font-size:18px\"> &nbsp; &nbsp; &nbsp; &nbsp; </span></p>\r\n\r\n<p><span style=\"color:#0000FF\">ensure quality</span></p>\r\n\r\n<p style=\"text-align:left\">&nbsp;</p>\r\n'),
(2, 'Vision', '<pre><span style=\"font-size: large;\"><strong>Vision</strong></span></pre>\r\n<p>&nbsp;&nbsp;&nbsp;&nbsp;&nbsp;&nbsp;&nbsp;&nbsp;&nbsp;&nbsp;&nbsp;&nbsp;&nbsp;<span style=\"font-size: large;\">&nbsp; Driven by its passion for continous improvement, the State College has to vigorously pursue distinction and proficieny in delivering its statutory functions to the Filipino people in the fields of education, business, agro-fishery, industrial, science and technology, through committed and competent human resource, guided by the beacon of innovation and productivity towards the heights of elevated status. </span><br /><br /></p>'),
(3, 'History', '<pre>\r\n<u><span style=\"font-size:large\"><strong><span style=\"background-color:#0000FF\">HISTORY </span></strong><span style=\"background-color:#0000FF\">&nbsp;</span></span></u> </pre>\r\n\r\n<p style=\"text-align:justify\">&nbsp; &nbsp; &nbsp;</p>\r\n\r\n<p>Kinyuani Talents Club was started in 2013. its main aim wa s to promote and nature local residents within its operational eviroment. Since the the start of the Club;</p>\r\n\r\n<ul>\r\n	<li>has opened a fully eqquipped&nbsp;training grounds.</li>\r\n	<li>hired professional coaches to ensure quality training.</li>\r\n	<li>automated almost all automatable services.</li>\r\n	<li>ensured qaulity&nbsp;</li>\r\n</ul>\r\n\r\n<p>&nbsp;</p>\r\n'),
(4, 'Footer', '<p style=\"text-align:center\">martinmawioo</p>\r\n\r\n<p style=\"text-align:center\">All Rights Reserved &reg;2021</p>\r\n'),
(5, 'Upcoming Events', '<pre>\r\nUP COMING EVENTS</pre>\r\n\r\n<p><strong>&gt;Recruitment</strong></p>\r\n\r\n<p><strong>&gt;</strong> <strong>Enrollment</strong></p>\r\n\r\n<p><strong>&gt; Training</strong></p>\r\n'),
(6, 'Title', '<p><span style=\"color:#3399cc\"><strong>Kinyuani Talents&#39; Club​</strong></span><span style=\"font-family:trebuchet ms,geneva\"><span style=\"color:#3399cc\"><strong> </strong></span>Learning Management System</span></p>\r\n'),
(7, 'News', '<pre>\r\n<span style=\"font-size:medium\"><em><strong>Recent News\r\n</strong></em></span></pre>\r\n\r\n<h2><span style=\"font-size:small\">Extension and Community Services</span></h2>\r\n\r\n<p style=\"text-align:justify\">This technology package was promoted by the Club of Industrial Technology Unit is an index to offer Practical Skills and Livelihood Training Program particularly to the Kinyuani&nbsp;of Makueni, Kenya.</p>\r\n\r\n<p style=\"text-align:justify\">The respondent of this technology package were mostly Kenyan. There were twenty members who responded to the call of training and enhancing their soccer, rugby, modelling and crafting skills. The beginners projects include an apron, wooden waist skirts, pillow-cover and t-shirt style top. Short sleeve blouses with buttonholes or contoured seaming are also some of the many projects introduced to the members. Based on the interview conducted after the culmination activity, the projects done contributed as a means of earning to the respondents.</p>\r\n\r\n<p style=\"text-align:justify\">&nbsp; &nbsp; &nbsp; &nbsp; &nbsp; In support to the thrust of the government to improve the health status of neighboring barangays, the Faculty and Staff of Kinyuani Talents&#39; Club, Bacolod City, launched its Medical Mission in Patag, Silay City. It was conducted last March 2013, to address the health needs of the people. A medical consultation is given to the residents of SitioPatag to attend to their health related problems that may need medical treatment. Medical tablets for headache, flu, fever, antibiotics and others were availed by the residents.</p>\r\n'),
(8, 'Announcements', '<pre>\r\n<span style=\"font-size:medium\"><em><strong>Announcements</strong></em></span></pre>\r\n\r\n<p>Enrollment Period: October 9-11, 2021</p>\r\n\r\n<p>Semestrial Break: October 12- November 3, 2021</p>\r\n'),
(10, 'Calendar', '<pre style=\"text-align:center\">\r\n<span style=\"font-size:medium\"><strong>&nbsp;CALENDAR OF EVENT</strong></span></pre>\r\n\r\n<table align=\"center\" cellpadding=\"0\" cellspacing=\"0\" style=\"line-height:1.6em; margin-left:auto; margin-right:auto\">\r\n	<tbody>\r\n		<tr>\r\n			<td>\r\n			<p>First Training period&nbsp; &nbsp; &nbsp; &nbsp; &nbsp; &nbsp; &nbsp; &nbsp; &nbsp; &nbsp; &nbsp; &nbsp; &nbsp; &nbsp; &nbsp; &nbsp; &nbsp; &nbsp; &nbsp; &nbsp; &nbsp; &nbsp; &nbsp; &nbsp; &nbsp; &nbsp; &nbsp; &nbsp; &nbsp; &nbsp; &nbsp;</p>\r\n			</td>\r\n			<td>\r\n			<p>June 10, 2021&nbsp;to October 11, 2021&nbsp;</p>\r\n			</td>\r\n		</tr>\r\n		<tr>\r\n			<td>\r\n			<p>periodical Break</p>\r\n			</td>\r\n			<td>\r\n			<p>Oct. 12, 2021&nbsp;to November 3, 2021</p>\r\n			</td>\r\n		</tr>\r\n		<tr>\r\n			<td>\r\n			<p>Second Training Period</p>\r\n			</td>\r\n			<td>\r\n			<p>Nov. 5, 2021&nbsp;to March 27, 2022</p>\r\n			</td>\r\n		</tr>\r\n		<tr>\r\n			<td>\r\n			<p>Summer Break</p>\r\n			</td>\r\n			<td>\r\n			<p>March 27, 2022&nbsp;to April 8, 2022</p>\r\n			</td>\r\n		</tr>\r\n		<tr>\r\n			<td>\r\n			<p>Summer</p>\r\n			</td>\r\n			<td>\r\n			<p>April 8 , 2014 to May 24, 2014</p>\r\n			</td>\r\n		</tr>\r\n	</tbody>\r\n</table>\r\n\r\n<p style=\"text-align:center\">&nbsp;</p>\r\n\r\n<table cellpadding=\"0\" cellspacing=\"0\" style=\"line-height:1.6em; margin-left:auto; margin-right:auto\">\r\n	<tbody>\r\n		<tr>\r\n			<td colspan=\"4\">\r\n			<p><strong>June 5, 2021&nbsp;to October 11, 2021&nbsp;&ndash; First Training Period 2021-2022</strong></p>\r\n			</td>\r\n		</tr>\r\n		<tr>\r\n			<td>\r\n			<p>June 4, 2021&nbsp; &nbsp; &nbsp; &nbsp;&nbsp;</p>\r\n			</td>\r\n			<td>\r\n			<p>Orientation with the Parents of the Freshmen</p>\r\n			</td>\r\n		</tr>\r\n		<tr>\r\n			<td>\r\n			<p>June 5</p>\r\n			</td>\r\n			<td>\r\n			<p>First Day of Service</p>\r\n			</td>\r\n		</tr>\r\n		<tr>\r\n			<td>\r\n			<p>June 5</p>\r\n			</td>\r\n			<td>\r\n			<p>Club&nbsp;Personnel General Assembly</p>\r\n			</td>\r\n		</tr>\r\n		<tr>\r\n			<td>\r\n			<p>June 6,7</p>\r\n			</td>\r\n			<td>\r\n			<p>In-Service Training (Departmental)</p>\r\n			</td>\r\n		</tr>\r\n		<tr>\r\n			<td>\r\n			<p>June 10</p>\r\n			</td>\r\n			<td>\r\n			<p>First Day of Training</p>\r\n			</td>\r\n		</tr>\r\n		<tr>\r\n			<td>\r\n			<p>June 14</p>\r\n			</td>\r\n			<td>\r\n			<p>Orientation with Member by Club/Department</p>\r\n			</td>\r\n		</tr>\r\n		<tr>\r\n			<td>&nbsp;</td>\r\n			<td>&nbsp;</td>\r\n		</tr>\r\n	</tbody>\r\n</table>\r\n\r\n<p style=\"text-align:center\"><br />\r\n&nbsp;</p>\r\n'),
(11, 'Directories', '<div class=\"jsn-article-content\" style=\"text-align: left;\">\r\n<pre>\r\n<span style=\"font-size:medium\"><em><strong>DIRECTORIES</strong></em></span></pre>\r\n\r\n<p>&nbsp;</p>\r\n\r\n<ul>\r\n	<li>Accounting - +254700000011</li>\r\n	<li>Director&#39;s Office - +254711000000</li>\r\n	<li>manager&#39;s office - +254700110000</li>\r\n	<li>Hr Manager&#39;s office - +254700001100</li>\r\n</ul>\r\n</div>\r\n'),
(12, 'Manager', '<p>It is my great pleasure and privilege to welcome you to Kinyuani Talents&#39; Club official website. Accept my deep appreciation for continuously taking interest in Kinyuani Talents&#39; Club and its programs and activities.<br />\r\nRecently, the challenges of the knowledge era of the 21st Century led me to think very deeply how educational institutions of higher learning must vigorously pursue relevant e<img alt=\"\" src=\"images/president.jpg\" style=\"float:left\" />ducation to compete with and respond to the challenges of globalization. As an international fellow, I realized that in the face of this globalization and technological advancement, educational institutions are compelled to work extraordinary in educating the youths and enhancing their potentials for gainful employment and realization of their dreams to become effective citizens.<br />\r\n<br />\r\nHonored and humbled to be given the opportunity for stewardship of this good College, I am fully aware that the goal is to make Kinyuani Talents&#39; Club as the center of excellence or development in various fields. The vision, Kinyuani Talents&#39; Club ExCELS: Excellence, Competence and Educational Leadership in Science and Technology is a profound battle cry for each member of Kinyuani Talents&#39; Club Community. A Kinyuani Talents&#39; Club in&nbsp; and must be technologically and academically competent, socially mature, safety conscious with care for the environment, a good citizen and possesses high moral values. The way the College is being managed, the internal and the external culture of all stockholders, and the efforts for quality and excellence will result to the establishment of the good corporate image of the College. The hallmark is reflected as the image of the good institution.<br />\r\n<br />\r\nThe tasks at hand call for our full cooperation, support and active participation. Therefore, I urge everyone to help me in the crusade to<br />\r\n&nbsp;</p>\r\n\r\n<p style=\"text-align:justify\">Provide wider access to&nbsp;Kinyuani Talents&#39; Club programs;</p>\r\n\r\n<p style=\"text-align:justify\">&nbsp; &nbsp; &nbsp; &nbsp; &nbsp; &nbsp; &nbsp; &nbsp;* Harness the potentials of students thru effective teaching and learning methodologies and techniques;</p>\r\n\r\n<p style=\"text-align:justify\">&nbsp; &nbsp; &nbsp; &nbsp; &nbsp; &nbsp; &nbsp; &nbsp;* Enable CHMSC Environment for All through secure green campus;</p>\r\n\r\n<p style=\"text-align:justify\">&nbsp; &nbsp; &nbsp; &nbsp; &nbsp; &nbsp; &nbsp; &nbsp;* Advocate green movement, protect intellectual property and stimulate innovation;</p>\r\n\r\n<p style=\"text-align:justify\">&nbsp; &nbsp; &nbsp; &nbsp; &nbsp; &nbsp; &nbsp; &nbsp;* Promote lifelong learning;</p>\r\n\r\n<p style=\"text-align:justify\">&nbsp; &nbsp; &nbsp; &nbsp; &nbsp; &nbsp; &nbsp; &nbsp;* Conduct Research and Development for community and poverty alleviation;</p>\r\n\r\n<p style=\"text-align:justify\">&nbsp; &nbsp; &nbsp; &nbsp; &nbsp; &nbsp; &nbsp; &nbsp;* Share and disseminate knowledge through publication and extension outreach to communities; and</p>\r\n\r\n<p style=\"text-align:justify\">&nbsp; &nbsp; &nbsp; &nbsp; &nbsp; &nbsp; &nbsp; &nbsp;*Strengthen Institute-industry linkages and public-private partnership for mutual interest.</p>\r\n\r\n<p style=\"text-align:justify\"><br />\r\nTogether, WE can make Kinyuani Talents&#39; Club</p>\r\n\r\n<p style=\"text-align:justify\"><br />\r\n&nbsp; &nbsp; &nbsp; &nbsp; &nbsp; &nbsp; &nbsp; &nbsp;*A model green institution for Human Resources Development, a builder of human resources in the knowledge era of the 21st Century;</p>\r\n\r\n<p style=\"text-align:justify\">&nbsp; &nbsp; &nbsp; &nbsp; &nbsp; &nbsp; &nbsp; *A center for curricular innovations and research especially in education, technology, engineering, ICT and entrepreneurship; and</p>\r\n\r\n<p style=\"text-align:justify\">&nbsp; &nbsp; &nbsp; &nbsp; &nbsp; &nbsp; &nbsp; *A Provider of quality graduates in professional and technological programs for industry and community.</p>\r\n\r\n<p style=\"text-align:justify\"><br />\r\n<br />\r\nDear readers and guests, these are the challenges for every CHMSCian to hurdle and the dreams to realize. This website will be one of the connections with you as we ardently take each step. Feel free to visit often and be kept posted as we continue to work for discoveries and advancement that will bring benefits to the lives of the students, the community, and the world, as a whole.<br />\r\n<br />\r\nWarmest welcome and I wish you well!</p>\r\n\r\n<p style=\"text-align:justify\"><br />\r\n&nbsp;</p>\r\n\r\n<p style=\"text-align:justify\">RENATO M. SOROLLA, Ph.D.<br />\r\nSUC President II</p>\r\n'),
(13, 'motto', '<p><strong><span style=\"color:#FFF0F5\"><span style=\"font-family:arial,helvetica,sans-serif\">CHTogether We ExcelELS:</span></span></strong></p>\r\n\r\n<p><strong><span style=\"color:#FFF0F5\"><span style=\"font-family:arial,helvetica,sans-serif\">Excellence, Competence an</span></span></strong></p>\r\n'),
(14, 'Campuses', '<pre>\r\n<span style=\"font-size:16px\"><strong>Campuses</strong></span></pre>\r\n\r\n<ul>\r\n	<li>Makueni</li>\r\n</ul>\r\n');

-- --------------------------------------------------------

--
-- Table structure for table `department`
--

CREATE TABLE `department` (
  `department_id` int(11) NOT NULL,
  `department_name` varchar(100) NOT NULL,
  `dean` varchar(100) NOT NULL
) ENGINE=InnoDB DEFAULT CHARSET=latin1;

--
-- Dumping data for table `department`
--

INSERT INTO `department` (`department_id`, `department_name`, `dean`) VALUES
(4, 'Athletics', ' Antonio Conte'),
(5, 'Rugby', 'Jose Murinho'),
(9, 'Carving', 'Hensi Flick'),
(10, 'Soccer', 'Thomas Tuchel');

-- --------------------------------------------------------

--
-- Table structure for table `event`
--

CREATE TABLE `event` (
  `event_id` int(11) NOT NULL,
  `event_title` varchar(100) NOT NULL,
  `teacher_class_id` int(11) NOT NULL,
  `date_start` varchar(100) NOT NULL,
  `date_end` varchar(100) NOT NULL
) ENGINE=InnoDB DEFAULT CHARSET=latin1;

--
-- Dumping data for table `event`
--

INSERT INTO `event` (`event_id`, `event_title`, `teacher_class_id`, `date_start`, `date_end`) VALUES
(12, ' 	  Orientation with the Parents of the College Freshmen', 0, '06/04/2013', '06/04/2013'),
(13, 'Start of Classes', 0, '11/04/2013', '11/04/2013'),
(14, 'Intercampus Sports and Cultural Fest/College Week', 0, '11/19/2013', '11/22/2013'),
(15, 'Long Test', 113, '12/05/2013', '12/06/2013'),
(16, 'Long Test', 0, '12/05/2013', '12/06/2013'),
(17, 'sdasf', 147, '11/16/2013', '11/16/2013'),
(18, 'Sample', 186, '12/22/2020', '12/24/2020');

-- --------------------------------------------------------

--
-- Table structure for table `files`
--

CREATE TABLE `files` (
  `file_id` int(11) NOT NULL,
  `floc` varchar(500) NOT NULL,
  `fdatein` varchar(200) NOT NULL,
  `fdesc` varchar(100) NOT NULL,
  `teacher_id` int(11) NOT NULL,
  `class_id` int(11) NOT NULL,
  `fname` varchar(100) NOT NULL,
  `uploaded_by` varchar(100) NOT NULL
) ENGINE=MyISAM DEFAULT CHARSET=latin1;

--
-- Dumping data for table `files`
--

INSERT INTO `files` (`file_id`, `floc`, `fdatein`, `fdesc`, `teacher_id`, `class_id`, `fname`, `uploaded_by`) VALUES
(133, 'admin/uploads/7939_File_449E26DB.jpg', '2014-02-20 10:31:38', 'sas', 14, 177, 'sss', ''),
(132, 'admin/uploads/7939_File_449E26DB.jpg', '2014-02-20 10:29:53', 'sas', 14, 178, 'sss', ''),
(131, 'admin/uploads/7939_File_449E26DB.jpg', '2014-02-20 10:28:09', 'sas', 14, 12, 'sss', ''),
(129, 'admin/uploads/7939_File_449E26DB.jpg', '2014-02-20 10:12:38', 'sas', 0, 12, 'sss', ''),
(130, 'admin/uploads/7939_File_449E26DB.jpg', '2014-02-20 10:26:11', 'sas', 0, 12, 'sss', ''),
(128, 'admin/uploads/7614_File_1476273_644977475552481_2029187901_n.jpg', '2014-02-13 13:31:18', 'qwwqw', 12, 185, 'kevi', 'Ruby Mae Morante'),
(127, 'admin/uploads/1085_File_Resume.docx', '2014-02-13 12:53:09', 'q', 12, 183, 'q', 'Ruby Mae Morante'),
(126, 'admin/uploads/7895_File_PERU REPORT.pptx', '2014-02-13 12:35:42', 'chapter 1', 12, 182, 'chapter 1', 'Ruby Mae Morante'),
(125, 'admin/uploads/2658_File_kevin.docx', '2014-02-13 11:10:56', 'test', 12, 181, 'test', 'Ruby Mae Morante'),
(123, 'admin/uploads/4801_File_painting-02.jpg', '2013-12-11 12:02:46', 'jdkasjfd', 12, 163, 'Test', 'Ruby Mae Morante'),
(122, 'admin/uploads/3985_File_win_boot_screen_16_9_by_medi_dadu-d4s7dc1.gif', '2013-12-07 20:00:22', 'dasdasd', 12, 145, 'dasd', 'Ruby Mae Morante'),
(121, 'admin/uploads/7439_File_win_boot_screen_16_9_by_medi_dadu-d4s7dc1.gif', '2013-12-07 19:59:46', 'asdad', 12, 162, 'kevin', 'Ruby Mae Morante'),
(120, 'admin/uploads/7439_File_win_boot_screen_16_9_by_medi_dadu-d4s7dc1.gif', '2013-12-07 19:59:46', 'asdad', 12, 145, 'kevin', 'Ruby Mae Morante'),
(119, 'admin/uploads/3166_File_win_boot_screen_16_9_by_medi_dadu-d4s7dc1.gif', '2013-12-07 19:58:44', 'kevin', 12, 145, 'kevin', 'Ruby Mae Morante'),
(118, 'admin/uploads/4849_File_win_boot_screen_16_9_by_medi_dadu-d4s7dc1.gif', '2013-11-26 23:59:20', 'q', 0, 162, 'qq', 'StephanieVillanueva'),
(117, 'admin/uploads/9467_File_win_boot_screen_16_9_by_medi_dadu-d4s7dc1.gif', '2013-11-26 10:42:37', 'test', 0, 162, 'report group 1', 'MarrianneTumala'),
(116, 'admin/uploads/5990_File_win_boot_screen_16_9_by_medi_dadu-d4s7dc1.gif', '2013-11-26 02:51:24', 'w', 12, 162, 'w', 'Ruby Mae Morante'),
(115, 'admin/uploads/5990_File_win_boot_screen_16_9_by_medi_dadu-d4s7dc1.gif', '2013-11-26 02:51:24', 'w', 12, 145, 'w', 'Ruby Mae Morante'),
(138, 'admin/uploads/3952_File_sample.pdf', '2020-12-21 09:24:50', 'Sample', 9, 186, 'Sample', 'JomarPabuaya'),
(139, 'admin/uploads/3579_File_sample.pdf', '2020-12-21 09:38:22', 'adasd', 9, 186, '234234', 'JomarPabuaya'),
(140, 'admin/uploads/6898_File_sample.pdf', '2020-12-21 09:39:32', 'adasd', 9, 186, '234234', 'JomarPabuaya'),
(141, 'admin/uploads/9782_File_sample.pdf', '2020-12-21 09:40:28', 'adasd', 9, 186, '234234', 'JomarPabuaya');

-- --------------------------------------------------------

--
-- Table structure for table `message`
--

CREATE TABLE `message` (
  `message_id` int(11) NOT NULL,
  `reciever_id` int(11) NOT NULL,
  `content` varchar(200) NOT NULL,
  `date_sended` varchar(100) NOT NULL,
  `sender_id` int(11) NOT NULL,
  `reciever_name` varchar(50) NOT NULL,
  `sender_name` varchar(200) NOT NULL,
  `message_status` varchar(100) NOT NULL
) ENGINE=InnoDB DEFAULT CHARSET=latin1;

--
-- Dumping data for table `message`
--

INSERT INTO `message` (`message_id`, `reciever_id`, `content`, `date_sended`, `sender_id`, `reciever_name`, `sender_name`, `message_status`) VALUES
(2, 11, 'fasf', '2013-11-13 13:15:47', 42, 'Aladin Cabrera', 'john kevin lorayna', ''),
(4, 71, 'bcjhbcjksdbckldj', '2013-11-25 15:59:13', 71, 'Noli Mendoza', 'Noli Mendoza', 'read'),
(17, 12, 'tst', '2013-12-01 23:38:40', 93, 'Ruby Mae  Morante', 'John Kevin  Lorayna', ''),
(19, 12, 'fasfaf', '2013-12-01 23:56:17', 93, 'Ruby Mae  Morante', 'John Kevin  Lorayna', ''),
(27, 93, 'fa', '2013-12-02 00:01:54', 12, 'John Kevin  Lorayna', 'Ruby Mae  Morante', ''),
(28, 136, 'Submit your classcard', '2014-02-13 13:35:21', 12, 'Jorgielyn Serfino', 'Ruby Mae  Morante', ''),
(29, 18, 'Test message', '2020-12-21 08:51:10', 9, 'Allan Dela Torre', 'Jomar Pabuaya', '');

-- --------------------------------------------------------

--
-- Table structure for table `message_sent`
--

CREATE TABLE `message_sent` (
  `message_sent_id` int(11) NOT NULL,
  `reciever_id` int(11) NOT NULL,
  `content` varchar(200) NOT NULL,
  `date_sended` varchar(100) NOT NULL,
  `sender_id` int(11) NOT NULL,
  `reciever_name` varchar(100) NOT NULL,
  `sender_name` varchar(100) NOT NULL
) ENGINE=InnoDB DEFAULT CHARSET=latin1;

--
-- Dumping data for table `message_sent`
--

INSERT INTO `message_sent` (`message_sent_id`, `reciever_id`, `content`, `date_sended`, `sender_id`, `reciever_name`, `sender_name`) VALUES
(1, 42, 'sad', '2013-11-12 22:50:05', 42, 'john kevin lorayna', 'john kevin lorayna'),
(2, 11, 'fasf', '2013-11-13 13:15:47', 42, 'Aladin Cabrera', 'john kevin lorayna'),
(3, 12, 'bjhkcbkjsdnckldvls', '2013-11-25 15:58:55', 71, 'Ruby Mae  Morante', 'Noli Mendoza'),
(4, 71, 'bcjhbcjksdbckldj', '2013-11-25 15:59:13', 71, 'Noli Mendoza', 'Noli Mendoza'),
(5, 12, 'test', '2013-11-30 20:54:05', 93, 'Ruby Mae  Morante', 'John Kevin  Lorayna'),
(11, 12, 'tst', '2013-12-01 23:38:40', 93, 'Ruby Mae  Morante', 'John Kevin  Lorayna'),
(12, 12, 'fasfasf', '2013-12-01 23:49:13', 93, 'Ruby Mae  Morante', 'John Kevin  Lorayna'),
(13, 136, 'Submit your classcard', '2014-02-13 13:35:21', 12, 'Jorgielyn Serfino', 'Ruby Mae  Morante'),
(14, 18, 'Test message', '2020-12-21 08:51:10', 9, 'Allan Dela Torre', 'Jomar Pabuaya');

-- --------------------------------------------------------

--
-- Table structure for table `notification`
--

CREATE TABLE `notification` (
  `notification_id` int(11) NOT NULL,
  `teacher_class_id` int(11) NOT NULL,
  `notification` varchar(100) NOT NULL,
  `date_of_notification` varchar(50) NOT NULL,
  `link` varchar(100) NOT NULL
) ENGINE=InnoDB DEFAULT CHARSET=latin1;

--
-- Dumping data for table `notification`
--

INSERT INTO `notification` (`notification_id`, `teacher_class_id`, `notification`, `date_of_notification`, `link`) VALUES
(2, 0, 'Add Downloadable Materials file name <b>sss</b>', '2014-01-17 14:35:32', 'downloadable_student.php'),
(3, 167, 'Add Annoucements', '2014-01-17 14:36:32', 'announcements_student.php'),
(4, 0, 'Add Downloadable Materials file name <b>test</b>', '2014-02-13 11:10:56', 'downloadable_student.php'),
(5, 167, 'Add Assignment file name <b>q</b>', '2014-02-13 11:27:59', 'assignment_student.php'),
(6, 0, 'Add Downloadable Materials file name <b>chapter 1</b>', '2014-02-13 12:35:42', 'downloadable_student.php'),
(7, 0, 'Add Downloadable Materials file name <b>q</b>', '2014-02-13 12:53:09', 'downloadable_student.php'),
(8, 0, 'Add Downloadable Materials file name <b>kevi</b>', '2014-02-13 13:31:18', 'downloadable_student.php'),
(9, 185, 'Add Practice Quiz file', '2014-02-13 13:33:27', 'student_quiz_list.php'),
(10, 167, 'Add Annoucements', '2014-02-13 13:45:59', 'announcements_student.php'),
(11, 0, 'Add Downloadable Materials file name <b>q</b>', '2014-02-21 16:43:38', 'downloadable_student.php'),
(12, 0, 'Add Downloadable Materials file name <b>q</b>', '2014-02-21 16:46:18', 'downloadable_student.php'),
(13, 0, 'Add Downloadable Materials file name <b>q</b>', '2014-02-21 16:46:49', 'downloadable_student.php'),
(14, 0, 'Add Downloadable Materials file name <b>q</b>', '2014-02-21 16:52:30', 'downloadable_student.php'),
(15, 186, 'Add Downloadable Materials file name <b>Sample</b>', '2020-12-21 09:24:50', 'downloadable_student.php'),
(16, 0, 'Add Downloadable Materials file name <b>123</b>', '2020-12-21 09:31:40', 'downloadable_student.php'),
(17, 0, 'Add Downloadable Materials file name <b>234234</b>', '2020-12-21 09:36:27', 'downloadable_student.php'),
(18, 0, 'Add Downloadable Materials file name <b>234234</b>', '2020-12-21 09:38:22', 'downloadable_student.php'),
(19, 186, 'Add Downloadable Materials file name <b>234234</b>', '2020-12-21 09:39:32', 'downloadable_student.php'),
(20, 186, 'Add Downloadable Materials file name <b>234234</b>', '2020-12-21 09:40:28', 'downloadable_student.php'),
(21, 186, 'Add Assignment file name <b>asdasd</b>', '2020-12-21 09:56:48', 'assignment_student.php'),
(22, 186, 'Add Annoucements', '2020-12-21 09:59:00', 'announcements_student.php'),
(23, 186, 'Add Practice Quiz file', '2020-12-21 10:10:11', 'student_quiz_list.php');

-- --------------------------------------------------------

--
-- Table structure for table `notification_read`
--

CREATE TABLE `notification_read` (
  `notification_read_id` int(11) NOT NULL,
  `student_id` int(11) NOT NULL,
  `student_read` varchar(50) NOT NULL,
  `notification_id` int(11) NOT NULL
) ENGINE=InnoDB DEFAULT CHARSET=latin1;

--
-- Dumping data for table `notification_read`
--

INSERT INTO `notification_read` (`notification_read_id`, `student_id`, `student_read`, `notification_id`) VALUES
(1, 219, 'yes', 22),
(2, 219, 'yes', 21),
(3, 219, 'yes', 20),
(4, 219, 'yes', 19),
(5, 219, 'yes', 15);

-- --------------------------------------------------------

--
-- Table structure for table `notification_read_teacher`
--

CREATE TABLE `notification_read_teacher` (
  `notification_read_teacher_id` int(11) NOT NULL,
  `teacher_id` int(11) NOT NULL,
  `student_read` varchar(100) NOT NULL,
  `notification_id` int(11) NOT NULL
) ENGINE=InnoDB DEFAULT CHARSET=latin1;

--
-- Dumping data for table `notification_read_teacher`
--

INSERT INTO `notification_read_teacher` (`notification_read_teacher_id`, `teacher_id`, `student_read`, `notification_id`) VALUES
(1, 12, 'yes', 14),
(2, 12, 'yes', 13),
(3, 12, 'yes', 12),
(4, 12, 'yes', 11),
(5, 12, 'yes', 10),
(6, 12, 'yes', 9),
(7, 12, 'yes', 8),
(8, 12, 'yes', 7);

-- --------------------------------------------------------

--
-- Table structure for table `question_type`
--

CREATE TABLE `question_type` (
  `question_type_id` int(11) NOT NULL,
  `question_type` varchar(150) NOT NULL
) ENGINE=MyISAM DEFAULT CHARSET=latin1;

--
-- Dumping data for table `question_type`
--

INSERT INTO `question_type` (`question_type_id`, `question_type`) VALUES
(1, 'Multiple Choice'),
(2, 'True or False');

-- --------------------------------------------------------

--
-- Table structure for table `quiz`
--

CREATE TABLE `quiz` (
  `quiz_id` int(11) NOT NULL,
  `quiz_title` varchar(50) NOT NULL,
  `quiz_description` varchar(100) NOT NULL,
  `date_added` varchar(100) NOT NULL,
  `teacher_id` int(11) NOT NULL
) ENGINE=InnoDB DEFAULT CHARSET=latin1;

--
-- Dumping data for table `quiz`
--

INSERT INTO `quiz` (`quiz_id`, `quiz_title`, `quiz_description`, `date_added`, `teacher_id`) VALUES
(3, 'Sample Test', 'Test', '2013-12-03 23:01:56', 12),
(4, 'Chapter 1', 'topics', '2013-12-13 01:51:02', 14),
(5, 'test3', '123', '2014-01-16 04:12:07', 12),
(6, 'Sample Quiz', 'Sample 101', '2020-12-21 10:04:11', 9);

-- --------------------------------------------------------

--
-- Table structure for table `quiz_question`
--

CREATE TABLE `quiz_question` (
  `quiz_question_id` int(11) NOT NULL,
  `quiz_id` int(11) NOT NULL,
  `question_text` varchar(100) NOT NULL,
  `question_type_id` int(11) NOT NULL,
  `points` int(11) NOT NULL,
  `date_added` varchar(100) NOT NULL,
  `answer` varchar(100) NOT NULL
) ENGINE=InnoDB DEFAULT CHARSET=latin1;

--
-- Dumping data for table `quiz_question`
--

INSERT INTO `quiz_question` (`quiz_question_id`, `quiz_id`, `question_text`, `question_type_id`, `points`, `date_added`, `answer`) VALUES
(33, 5, '<p>q</p>\r\n', 2, 0, '2014-01-17 04:15:03', 'False'),
(34, 3, '<p>Php Stands for ?</p>\r\n', 1, 0, '2014-01-17 12:25:17', 'C'),
(35, 3, '<p>Echo is a Php code that display the output.</p>\r\n', 2, 0, '2014-01-17 12:26:18', 'True'),
(36, 6, '<p>sample</p>\r\n', 1, 0, '2020-12-21 10:05:09', 'A'),
(37, 6, '<p>asdasd</p>\r\n', 2, 0, '2020-12-21 10:05:25', 'True'),
(38, 6, '<p>sdsd</p>\r\n', 2, 0, '2020-12-21 10:05:35', 'False');

-- --------------------------------------------------------

--
-- Table structure for table `school_year`
--

CREATE TABLE `school_year` (
  `school_year_id` int(11) NOT NULL,
  `school_year` varchar(100) NOT NULL
) ENGINE=InnoDB DEFAULT CHARSET=latin1;

--
-- Dumping data for table `school_year`
--

INSERT INTO `school_year` (`school_year_id`, `school_year`) VALUES
(4, '2020-2021'),
(5, '2021-2022');

-- --------------------------------------------------------

--
-- Table structure for table `student`
--

CREATE TABLE `student` (
  `student_id` int(11) NOT NULL,
  `firstname` varchar(100) NOT NULL,
  `lastname` varchar(100) NOT NULL,
  `class_id` int(11) NOT NULL,
  `username` varchar(100) NOT NULL,
  `password` varchar(100) NOT NULL,
  `location` varchar(100) NOT NULL,
  `status` varchar(100) NOT NULL
) ENGINE=MyISAM DEFAULT CHARSET=latin1;

--
-- Dumping data for table `student`
--

INSERT INTO `student` (`student_id`, `firstname`, `lastname`, `class_id`, `username`, `password`, `location`, `status`) VALUES
(239, 'martin', 'nawioo', 12, '1001', 'martinmawioo', 'uploads/NO-IMAGE-AVAILABLE.jpg', 'Unregistered'),
(240, 'pink', 'panther', 16, '1002', '', 'uploads/NO-IMAGE-AVAILABLE.jpg', 'Unregistered'),
(241, 'oppo', 'teck', 17, '1003', '', 'uploads/NO-IMAGE-AVAILABLE.jpg', 'Unregistered'),
(242, 'ilea', 'coret', 17, '852361', '', 'uploads/NO-IMAGE-AVAILABLE.jpg', 'Unregistered'),
(243, 'happy', 'dog', 15, '847965', '', 'uploads/NO-IMAGE-AVAILABLE.jpg', 'Unregistered'),
(244, 'ink', 'black', 15, '124786', '', 'uploads/NO-IMAGE-AVAILABLE.jpg', 'Unregistered'),
(245, 'kodak', 'black', 12, '741963', '', 'uploads/NO-IMAGE-AVAILABLE.jpg', 'Unregistered'),
(246, 'sheck', 'wes', 16, '258159', '', 'uploads/NO-IMAGE-AVAILABLE.jpg', 'Unregistered'),
(247, 'off', 'set', 13, '951825', '', 'uploads/NO-IMAGE-AVAILABLE.jpg', 'Unregistered'),
(248, 'take', 'off', 13, '963146', '', 'uploads/NO-IMAGE-AVAILABLE.jpg', 'Unregistered'),
(251, 'rong', 'rende', 14, '012365', '', 'uploads/NO-IMAGE-AVAILABLE.jpg', 'Unregistered'),
(250, 'sauti', 'sol', 14, '100230', '', 'uploads/NO-IMAGE-AVAILABLE.jpg', 'Unregistered'),
(252, 'narcos', 'migos', 7, '360589', '', 'uploads/NO-IMAGE-AVAILABLE.jpg', 'Unregistered'),
(253, 'aitch', 'song', 7, '550687', '', 'uploads/NO-IMAGE-AVAILABLE.jpg', 'Unregistered'),
(254, 'octo', 'pizzo', 8, '654012', '', 'uploads/NO-IMAGE-AVAILABLE.jpg', 'Unregistered'),
(255, 'juice', 'world', 8, '354001', '', 'uploads/NO-IMAGE-AVAILABLE.jpg', 'Unregistered'),
(256, 'nicki', 'minaj', 12, '892100', '', 'uploads/NO-IMAGE-AVAILABLE.jpg', 'Unregistered'),
(257, 'allan', 'walker', 12, '905204', '', 'uploads/NO-IMAGE-AVAILABLE.jpg', 'Unregistered');

-- --------------------------------------------------------

--
-- Table structure for table `student_assignment`
--

CREATE TABLE `student_assignment` (
  `student_assignment_id` int(11) NOT NULL,
  `assignment_id` int(11) NOT NULL,
  `floc` varchar(100) NOT NULL,
  `assignment_fdatein` varchar(50) NOT NULL,
  `fdesc` varchar(100) NOT NULL,
  `fname` varchar(50) NOT NULL,
  `student_id` int(11) NOT NULL,
  `grade` varchar(5) NOT NULL
) ENGINE=InnoDB DEFAULT CHARSET=latin1;

--
-- Dumping data for table `student_assignment`
--

INSERT INTO `student_assignment` (`student_assignment_id`, `assignment_id`, `floc`, `assignment_fdatein`, `fdesc`, `fname`, `student_id`, `grade`) VALUES
(1, 31, 'admin/uploads/7820_File_sample.pdf', '2020-12-21 10:12:04', 'aaa', 'asdasd', 219, '');

-- --------------------------------------------------------

--
-- Table structure for table `student_backpack`
--

CREATE TABLE `student_backpack` (
  `file_id` int(11) NOT NULL,
  `floc` varchar(100) NOT NULL,
  `fdatein` varchar(100) NOT NULL,
  `fdesc` varchar(100) NOT NULL,
  `student_id` int(11) NOT NULL,
  `fname` varchar(100) NOT NULL
) ENGINE=InnoDB DEFAULT CHARSET=latin1;

--
-- Dumping data for table `student_backpack`
--

INSERT INTO `student_backpack` (`file_id`, `floc`, `fdatein`, `fdesc`, `student_id`, `fname`) VALUES
(1, 'admin/uploads/2658_File_kevin.docx', '2014-02-13 11:11:50', 'test', 210, 'test'),
(2, 'admin/uploads/9782_File_sample.pdf', '2020-12-21 10:12:54', 'adasd', 219, '234234'),
(3, 'admin/uploads/6898_File_sample.pdf', '2020-12-21 10:12:54', 'adasd', 219, '234234'),
(4, 'admin/uploads/3579_File_sample.pdf', '2020-12-21 10:12:54', 'adasd', 219, '234234');

-- --------------------------------------------------------

--
-- Table structure for table `student_class_quiz`
--

CREATE TABLE `student_class_quiz` (
  `student_class_quiz_id` int(11) NOT NULL,
  `class_quiz_id` int(11) NOT NULL,
  `student_id` int(11) NOT NULL,
  `student_quiz_time` varchar(100) NOT NULL,
  `grade` varchar(100) NOT NULL
) ENGINE=InnoDB DEFAULT CHARSET=latin1;

--
-- Dumping data for table `student_class_quiz`
--

INSERT INTO `student_class_quiz` (`student_class_quiz_id`, `class_quiz_id`, `student_id`, `student_quiz_time`, `grade`) VALUES
(1, 15, 107, '3600', '0 out of 2'),
(2, 16, 136, '3600', '0 out of 0'),
(3, 17, 219, '3600', '1 out of 3');

-- --------------------------------------------------------

--
-- Table structure for table `subject`
--

CREATE TABLE `subject` (
  `subject_id` int(11) NOT NULL,
  `subject_code` varchar(100) NOT NULL,
  `subject_title` varchar(100) NOT NULL,
  `category` varchar(100) NOT NULL,
  `description` longtext NOT NULL,
  `unit` int(11) NOT NULL,
  `Pre_req` varchar(100) NOT NULL,
  `semester` varchar(100) NOT NULL
) ENGINE=MyISAM DEFAULT CHARSET=latin1;

--
-- Dumping data for table `subject`
--

INSERT INTO `subject` (`subject_id`, `subject_code`, `subject_title`, `category`, `description`, `unit`, `Pre_req`, `semester`) VALUES
(14, 'IS 411A', 'Senior Systems Project 1', '', '<p><span style=\"font-size: medium;\"><em>About the Subject</em></span></p>\r\n<p>This subject comprisea topics about systems development, SDLC methodologies, Conceptual Framework, diagrams such as DFD, ERD and Flowchart and writing a thesis proposal.</p>\r\n<p>&nbsp;</p>\r\n<p>The project requirement for this subject are:</p>\r\n<p>Chapters (1-5) Thesis Proposal</p>\r\n<p>100% Running System at the end of semester</p>\r\n<p>&nbsp;</p>', 3, '', ''),
(15, 'IS 412', 'Effective Human Communication for IT Professional', '', '<p><span style=\"font-size: medium;\"><em>About the Subject</em></span></p>\r\n<p>This subject is intended for IT students to develop or enhance communication skills that will be beneficial especially when used in the business industry. The lesson includes Verbal Communication (Written and Oral), Non-verbal Communication, etc.</p>', 3, '', ''),
(16, 'IS 311', 'Programming Languages', '', '<pre class=\"coursera-course-heading\" data-msg=\"coursera-course-about\"><span style=\"font-size: medium;\"><em>About the Subject</em></span></pre>\r\n<div class=\"coursera-course-detail\" data-user-generated=\"data-user-generated\">Learn many of the concepts that underlie all programming languages. Develop a programming style known as functional programming and contrast it with object-oriented programming. Through experience writing programs and studying three different languages, learn the key issues in designing and using programming languages, such as modularity and the complementary benefits of static and dynamic typing. This course is neither particularly theoretical nor just about programming specifics &ndash; it will give you a framework for understanding how to use language constructs effectively and how to design correct and elegant programs. By using different languages, you learn to think more deeply than in terms of the particular syntax of one language. The emphasis on functional programming is essential for learning how to write robust, reusable, composable, and elegant programs &ndash; in any language.</div>\r\n<h2 class=\"coursera-course-detail\" data-user-generated=\"data-user-generated\">&nbsp;</h2>\r\n<pre class=\"coursera-course-detail\" data-user-generated=\"data-user-generated\"><span style=\"font-size: medium;\"><em>&nbsp;Course Syllabus</em></span></pre>\r\n<div class=\"coursera-course-detail\" data-user-generated=\"data-user-generated\">\r\n<ul>\r\n<li>Syntax vs. semantics vs. idioms vs. libraries vs. tools</li>\r\n<li>ML basics (bindings, conditionals, records, functions)</li>\r\n<li>Recursive functions and recursive types</li>\r\n<li>Benefits of no mutation</li>\r\n<li>Algebraic datatypes, pattern matching</li>\r\n<li>Tail recursion</li>\r\n<li>First-class functions and function closures</li>\r\n<li>Lexical scope</li>\r\n<li>Equivalence and effects</li>\r\n<li>Parametric polymorphism and container types</li>\r\n<li>Type inference</li>\r\n<li>Abstract types and modules</li>\r\n<li>Racket basics</li>\r\n<li>Dynamic vs. static typing</li>\r\n<li>Implementing languages, especially higher-order functions</li>\r\n<li>Macro</li>\r\n<li>Ruby basics</li>\r\n<li>Object-oriented programming</li>\r\n<li>Pure object-orientation</li>\r\n<li>Implementing dynamic dispatch</li>\r\n<li>Multiple inheritance, interfaces, and mixins</li>\r\n<li>OOP vs. functional decomposition and extensibility</li>\r\n<li>Subtyping for records, functions, and objects</li>\r\n<li>Subtyping</li>\r\n<li>Class-based subtyping</li>\r\n<li>Subtyping vs. parametric polymorphism; bounded polymorphism</li>\r\n</ul>\r\n</div>', 3, '', ''),
(17, 'IS 413', 'Introduction to the IM Professional and Ethics', '', '<p>This subject discusses about Ethics, E-Commerce, Cybercrime Law, Computer Security, etc.</p>', 0, '', ''),
(22, 'IS 221', 'Application Development', '', '', 3, '', '2nd'),
(23, 'IS 222', 'Network and Internet Technology', '', '', 3, '', '2nd'),
(24, 'IS 223', 'Business Process', '', '', 3, '', '2nd'),
(25, 'IS 224', 'Discrete Structures', '', '', 3, '', '2nd'),
(26, 'IS 227', 'IS Programming 2', '', '', 3, '', '2nd'),
(27, 'SS POL GOV', 'Politics and Governance with Philippine Constitution', '', '', 3, '', '2nd'),
(28, 'LIT 1', 'Philippine  Literature', '', '', 3, '', '2nd'),
(29, 'ACCTG 2', 'Fundamentals of Accounting 2', '', '', 3, '', '2nd'),
(30, 'PE 4', 'Team Sports', '', '', 3, '', '2nd'),
(31, 'IS 302', 'Survey of Programming Languages', '', '', 3, '', '2nd'),
(32, 'IS 303', 'Structured Query Language', '', '', 3, '', '2nd'),
(33, 'IS 321', 'Information System Planning', '', '', 3, '', '2nd'),
(34, 'IS 322', 'Management of Technology', '', '', 3, '', '2nd'),
(35, 'IS 323', 'E-commerce Strategy Architectural', '', '', 3, '', '2nd'),
(36, 'IS 324', 'System Analysis and Design', '', '', 3, '', '2nd'),
(37, 'Law 1', 'Law on Obligation and Contracts', '', '', 3, '', '2nd'),
(38, 'Philo 1', 'Social Philosophy & Logic', '', '', 3, '', '2nd'),
(39, 'MQTB', 'Quantitative Techniques in Business', '', '', 3, '', '2nd'),
(40, 'RIZAL', 'Rizal: Life and Works', '', '<p>COURSE OUTLINE<br />\r\n1. Course Code : RIZAL</p>\r\n\r\n<p>2. Course Title &nbsp;: RIZAL (Rizal Life and Works)<br />\r\n3. Pre-requisite : none<br />\r\n5. Credit/ Class Schedule : 3 units; 3 hrs/week<br />\r\n6. Course Description&nbsp;<br />\r\n1. A critical analysis of Jose Rizal&rsquo;s life and ideas as reflected in his biography, his novels Noli Me Tangere and El Filibusterismo and in his other writings composed of essays and poems to provide the students a value based reference for reacting to certain ideas and behavior.<br />\r\n<br />\r\n<strong>PROGRAM OBJECTIVES</strong><br />\r\n1. To instill in the students human values and cultural refinement through the humanities and social sciences.<br />\r\n2. To inculcate high ethical standards in the students through its integration in the learning activities.<br />\r\n3. To have critical studies and discussions why Rizal is made the national hero of the Philippines.<br />\r\n<br />\r\nTOPICS:&nbsp;<br />\r\n1. A Hero is Born&nbsp;<br />\r\n2. Childhood Days in Calamba<br />\r\n3. School Days in Binan<br />\r\n4. Triumphs in the Ateneo<br />\r\n5. At the UST<br />\r\n6. In Spain<br />\r\n7. Paris to Berlin<br />\r\n8. Noli Me Tangere<br />\r\n9. Elias and Salome<br />\r\n10. Rizal&rsquo;s Tour of Europe with with Viola<br />\r\n11. Back to Calamba<br />\r\n12. HK, Macao and Japan<br />\r\n13. Rizal in Japan<br />\r\n14. Rizal in America<br />\r\n15. Life and Works in London<br />\r\n16. In Gay Paris<br />\r\n17. Rizal in Brussles<br />\r\n18. In Madrid<br />\r\n19. El Filibusterismo<br />\r\n20. In Hong Kong<br />\r\n21. Exile in Dapitan<br />\r\n22. The Trial of Rizal<br />\r\n23. Martyrdom at Bagumbayan<br />\r\n<br />\r\nTextbook and References:<br />\r\n1. Rizal&rsquo;s Life, Works and Writings (The Centennial Edition) by: Gregorio F. Zaide<br />\r\nand Sonia M. Zaide Quezon City, 1988. All Nations Publishing Co.<br />\r\n2. Coates, Austin. Rizal: First Filipino Nationalist and Martyr, Quezon City, UP Press 1999.<br />\r\n3. Constantino, Renato. Veneration Without Understanding. Quezon City, UP Press Inc., 2001.<br />\r\n4. Dela Cruz, W. &amp; Zulueta, M. Rizal: Buhay at Kaisipan. Manila, NBS Publications 2002.<br />\r\n5. Ocampo, Ambeth. Rizal Without the Overcoat (New Edition). Pasig City, anvil Publishing House 2002.<br />\r\n6. Odullo-de Guzman, Maria. Noli Me Tangere and El Filibusterismo. Manila, NBS Publications 1998.<br />\r\n7. Palma, Rafael. Rizal: The Pride of the Malay Race. Manila, Saint Anthony Company 2000.<br />\r\n8.Romero, M.C. &amp; Sta Roman, J. Rizal &amp; the Development of Filipino Consciousness (Third Edition). Manila, JMC Press Inc., 2001.<br />\r\n<br />\r\nCourse Evaluation:<br />\r\n<br />\r\n1. Quizzes : 30 %<br />\r\n2. Exams : 40 %<br />\r\n3. Class Standing : 20 %<br />\r\n- recitation<br />\r\n- attendance<br />\r\n- behavior<br />\r\n4. Final Grade<br />\r\n- 40 % previous grade<br />\r\n- 60 % current grade</p>\r\n', 3, '', '2nd'),
(41, 'IS 411B', 'Senior Systems Project 2', '', '', 3, '', '2nd'),
(42, '1234', 'Sample Subject', '', '<p>Sample Only</p>\r\n', 3, '', '1st');

-- --------------------------------------------------------

--
-- Table structure for table `teacher`
--

CREATE TABLE `teacher` (
  `teacher_id` int(11) NOT NULL,
  `username` varchar(100) NOT NULL,
  `password` varchar(200) NOT NULL,
  `firstname` varchar(100) NOT NULL,
  `lastname` varchar(100) NOT NULL,
  `department_id` int(11) NOT NULL,
  `location` varchar(200) NOT NULL,
  `about` varchar(500) NOT NULL,
  `teacher_status` varchar(20) NOT NULL,
  `teacher_stat` varchar(100) NOT NULL
) ENGINE=MyISAM DEFAULT CHARSET=latin1;

--
-- Dumping data for table `teacher`
--

INSERT INTO `teacher` (`teacher_id`, `username`, `password`, `firstname`, `lastname`, `department_id`, `location`, `about`, `teacher_status`, `teacher_stat`) VALUES
(23, 'kitivo', '', 'Kitivo', 'Costa', 10, 'uploads/NO-IMAGE-AVAILABLE.jpg', '', '', ''),
(22, '', 'reagan', 'Reagan', 'Awuondo', 5, 'uploads/NO-IMAGE-AVAILABLE.jpg', '', '', ''),
(20, '', 'martinmawioo', 'martin', 'mawioo', 4, 'uploads/NO-IMAGE-AVAILABLE.jpg', '', '', ''),
(21, '', 'Kathoomi', 'Kathoomi', 'Special', 9, 'uploads/NO-IMAGE-AVAILABLE.jpg', '', '', '');

-- --------------------------------------------------------

--
-- Table structure for table `teacher_backpack`
--

CREATE TABLE `teacher_backpack` (
  `file_id` int(11) NOT NULL,
  `floc` varchar(100) NOT NULL,
  `fdatein` varchar(100) NOT NULL,
  `fdesc` varchar(100) NOT NULL,
  `teacher_id` int(11) NOT NULL,
  `fname` varchar(100) NOT NULL
) ENGINE=InnoDB DEFAULT CHARSET=latin1;

-- --------------------------------------------------------

--
-- Table structure for table `teacher_class`
--

CREATE TABLE `teacher_class` (
  `teacher_class_id` int(11) NOT NULL,
  `teacher_id` int(11) NOT NULL,
  `class_id` int(11) NOT NULL,
  `subject_id` int(11) NOT NULL,
  `thumbnails` varchar(100) NOT NULL,
  `school_year` varchar(100) NOT NULL
) ENGINE=InnoDB DEFAULT CHARSET=latin1;

--
-- Dumping data for table `teacher_class`
--

INSERT INTO `teacher_class` (`teacher_class_id`, `teacher_id`, `class_id`, `subject_id`, `thumbnails`, `school_year`) VALUES
(97, 9, 7, 15, 'admin/uploads/thumbnails.jpg', '2012-2013'),
(135, 0, 22, 29, 'admin/uploads/thumbnails.jpg', '2013-2014'),
(151, 5, 7, 14, 'admin/uploads/thumbnails.jpg', '2013-2014'),
(152, 5, 8, 14, 'admin/uploads/thumbnails.jpg', '2013-2014'),
(153, 5, 13, 36, 'admin/uploads/thumbnails.jpg', '2013-2014'),
(157, 18, 15, 23, 'admin/uploads/thumbnails.jpg', '2013-2014'),
(158, 18, 16, 23, 'admin/uploads/thumbnails.jpg', '2013-2014'),
(159, 18, 12, 23, 'admin/uploads/thumbnails.jpg', '2013-2014'),
(160, 18, 7, 29, 'admin/uploads/thumbnails.jpg', '2013-2014'),
(165, 134, 15, 23, 'admin/uploads/thumbnails.jpg', '2013-2014'),
(167, 12, 13, 35, 'admin/uploads/thumbnails.jpg', '2013-2014'),
(168, 12, 14, 35, 'admin/uploads/thumbnails.jpg', '2013-2014'),
(170, 12, 16, 24, 'admin/uploads/thumbnails.jpg', '2013-2014'),
(172, 18, 13, 39, 'admin/uploads/thumbnails.jpg', '2013-2014'),
(173, 18, 14, 39, 'admin/uploads/thumbnails.jpg', '2013-2014'),
(174, 13, 12, 16, 'admin/uploads/thumbnails.jpg', '2013-2014'),
(175, 13, 13, 16, 'admin/uploads/thumbnails.jpg', '2013-2014'),
(176, 13, 14, 16, 'admin/uploads/thumbnails.jpg', '2013-2014'),
(177, 14, 12, 32, 'admin/uploads/thumbnails.jpg', '2013-2014'),
(178, 14, 13, 32, 'admin/uploads/thumbnails.jpg', '2013-2014'),
(179, 14, 14, 32, 'admin/uploads/thumbnails.jpg', '2013-2014'),
(180, 19, 13, 22, 'admin/uploads/thumbnails.jpg', '2013-2014'),
(181, 12, 20, 24, 'admin/uploads/thumbnails.jpg', '2013-2014'),
(183, 12, 18, 24, 'admin/uploads/thumbnails.jpg', '2013-2014'),
(184, 12, 17, 25, 'admin/uploads/thumbnails.jpg', '2013-2014'),
(185, 12, 7, 22, 'admin/uploads/thumbnails.jpg', '2013-2014'),
(186, 9, 18, 42, 'admin/uploads/thumbnails.jpg', '2013-2014');

-- --------------------------------------------------------

--
-- Table structure for table `teacher_class_announcements`
--

CREATE TABLE `teacher_class_announcements` (
  `teacher_class_announcements_id` int(11) NOT NULL,
  `content` varchar(500) NOT NULL,
  `teacher_id` varchar(100) NOT NULL,
  `teacher_class_id` int(11) NOT NULL,
  `date` varchar(50) NOT NULL
) ENGINE=InnoDB DEFAULT CHARSET=latin1;

--
-- Dumping data for table `teacher_class_announcements`
--

INSERT INTO `teacher_class_announcements` (`teacher_class_announcements_id`, `content`, `teacher_id`, `teacher_class_id`, `date`) VALUES
(2, '<p><strong>Project Deadline</strong></p>\r\n\r\n<p>In December 1st week&nbsp; system must fully functioning.</p>\r\n\r\n<p><br />\r\n&nbsp;</p>\r\n', '9', 87, '2013-10-30 13:21:13'),
(21, '<p>fsaf</p>\r\n', '9', 87, '2013-10-30 14:33:21'),
(31, '<p>Hi im kevin i edit this</p>\r\n', '9', 87, '2013-10-30 15:41:56'),
(33, '<p>hello teph</p>\r\n', '9', 95, '2013-10-30 17:44:28'),
(34, '<p>hello guys</p>\r\n', '9', 95, '2013-11-02 10:51:39'),
(35, '<p>dsdasd</p>\r\n', '12', 147, '2013-11-16 13:59:33'),
(36, '<p>BSIS 1A: Submit assignment on November 20, 2013 before 5pm.</p>\r\n', '12', 154, '2013-11-18 15:29:34'),
(37, '<p>aaaaa<br />\r\n&nbsp;</p>\r\n', '12', 167, '2014-01-17 14:36:32'),
(38, '<p>wala klase<img alt=\"sad\" src=\"http://localhost/lms/admin/vendors/ckeditor/plugins/smiley/images/sad_smile.gif\" style=\"height:20px; width:20px\" title=\"sad\" /></p>\r\n', '12', 167, '2014-02-13 13:45:59'),
(39, '<p>Test</p>\r\n', '9', 186, '2020-12-21 09:59:00');

-- --------------------------------------------------------

--
-- Table structure for table `teacher_class_student`
--

CREATE TABLE `teacher_class_student` (
  `teacher_class_student_id` int(11) NOT NULL,
  `teacher_class_id` int(11) NOT NULL,
  `student_id` int(11) NOT NULL,
  `teacher_id` int(11) NOT NULL
) ENGINE=InnoDB DEFAULT CHARSET=latin1;

-- --------------------------------------------------------

--
-- Table structure for table `teacher_notification`
--

CREATE TABLE `teacher_notification` (
  `teacher_notification_id` int(11) NOT NULL,
  `teacher_class_id` int(11) NOT NULL,
  `notification` varchar(100) NOT NULL,
  `date_of_notification` varchar(100) NOT NULL,
  `link` varchar(100) NOT NULL,
  `student_id` int(11) NOT NULL,
  `assignment_id` int(11) NOT NULL
) ENGINE=InnoDB DEFAULT CHARSET=latin1;

--
-- Dumping data for table `teacher_notification`
--

INSERT INTO `teacher_notification` (`teacher_notification_id`, `teacher_class_id`, `notification`, `date_of_notification`, `link`, `student_id`, `assignment_id`) VALUES
(15, 160, 'Submit Assignment file name <b>my_assginment</b>', '2013-11-25 10:39:52', 'view_submit_assignment.php', 93, 16),
(17, 161, 'Submit Assignment file name <b>q</b>', '2013-11-25 15:54:19', 'view_submit_assignment.php', 71, 17),
(18, 186, 'Submit Assignment file name <b>asdasd</b>', '2020-12-21 10:12:04', 'view_submit_assignment.php', 219, 31);

-- --------------------------------------------------------

--
-- Table structure for table `teacher_shared`
--

CREATE TABLE `teacher_shared` (
  `teacher_shared_id` int(11) NOT NULL,
  `teacher_id` int(11) NOT NULL,
  `shared_teacher_id` int(11) NOT NULL,
  `floc` varchar(100) NOT NULL,
  `fdatein` varchar(100) NOT NULL,
  `fdesc` varchar(100) NOT NULL,
  `fname` varchar(100) NOT NULL
) ENGINE=InnoDB DEFAULT CHARSET=latin1;

--
-- Dumping data for table `teacher_shared`
--

INSERT INTO `teacher_shared` (`teacher_shared_id`, `teacher_id`, `shared_teacher_id`, `floc`, `fdatein`, `fdesc`, `fname`) VALUES
(1, 12, 14, 'admin/uploads/7939_File_449E26DB.jpg', '2014-02-20 09:55:32', 'sas', 'sss');

-- --------------------------------------------------------

--
-- Table structure for table `users`
--

CREATE TABLE `users` (
  `user_id` int(11) NOT NULL,
  `username` varchar(100) NOT NULL,
  `password` varchar(100) NOT NULL,
  `firstname` varchar(100) NOT NULL,
  `lastname` varchar(100) NOT NULL
) ENGINE=InnoDB DEFAULT CHARSET=latin1;

--
-- Dumping data for table `users`
--

INSERT INTO `users` (`user_id`, `username`, `password`, `firstname`, `lastname`) VALUES
(15, 'admin', 'admin', 'admin', 'admin'),
(16, 'mawioo', 'martin', 'martin', 'mawioo');

-- --------------------------------------------------------

--
-- Table structure for table `user_log`
--

CREATE TABLE `user_log` (
  `user_log_id` int(11) NOT NULL,
  `username` varchar(25) NOT NULL,
  `login_date` varchar(30) NOT NULL,
  `logout_date` varchar(30) NOT NULL,
  `user_id` int(11) NOT NULL
) ENGINE=InnoDB DEFAULT CHARSET=latin1;

--
-- Dumping data for table `user_log`
--

INSERT INTO `user_log` (`user_log_id`, `username`, `login_date`, `logout_date`, `user_id`) VALUES
(1, 'admin', '2013-11-01 11:57:33', '2013-11-18 10:33:54', 10),
(2, 'admin', '2013-11-05 09:52:09', '2013-11-18 10:33:54', 10),
(3, 'admin', '2013-11-08 10:41:09', '2013-11-18 10:33:54', 10),
(4, 'admin', '2013-11-12 22:53:05', '2013-11-18 10:33:54', 10),
(5, 'admin', '2013-11-13 07:07:04', '2013-11-18 10:33:54', 10),
(6, 'admin', '2013-11-13 13:07:58', '2013-11-18 10:33:54', 10),
(7, 'admin', '2013-11-13 13:30:45', '2013-11-18 10:33:54', 10),
(8, 'admin', '2013-11-13 15:25:20', '2013-11-18 10:33:54', 10),
(9, 'admin', '2013-11-13 15:46:28', '2013-11-18 10:33:54', 10),
(10, 'admin', '2013-11-13 16:04:10', '2013-11-18 10:33:54', 10),
(11, 'admin', '2013-11-13 17:31:37', '2013-11-18 10:33:54', 10),
(12, 'admin', '2013-11-13 22:47:45', '2013-11-18 10:33:54', 10),
(13, 'admin', '2013-11-14 10:27:06', '2013-11-18 10:33:54', 10),
(14, 'admin', '2013-11-14 10:27:55', '2013-11-18 10:33:54', 10),
(15, 'admin', '2013-11-14 10:38:08', '2013-11-18 10:33:54', 10),
(16, 'admin', '2013-11-14 10:38:09', '2013-11-18 10:33:54', 10),
(17, 'admin', '2013-11-14 10:41:06', '2013-11-18 10:33:54', 10),
(18, 'admin', '2013-11-14 11:44:08', '2013-11-18 10:33:54', 10),
(19, 'admin', '2013-11-14 21:53:56', '2013-11-18 10:33:54', 10),
(20, 'admin', '2013-11-14 22:03:53', '2013-11-18 10:33:54', 10),
(21, 'admin', '2013-11-16 13:40:56', '2013-11-18 10:33:54', 10),
(22, 'admin', '2013-11-18 10:22:07', '2013-11-18 10:33:54', 10),
(23, 'jkev', '2013-11-18 10:33:59', '2014-02-13 11:19:36', 14),
(24, 'jkev', '2013-11-18 15:20:45', '2014-02-13 11:19:36', 14),
(25, 'jkev', '2013-11-18 15:42:04', '2014-02-13 11:19:36', 14),
(26, 'jkev', '2013-11-18 16:30:14', '2014-02-13 11:19:36', 14),
(27, 'jkev', '2013-11-18 16:36:44', '2014-02-13 11:19:36', 14),
(28, 'jkev', '2013-11-18 17:39:55', '2014-02-13 11:19:36', 14),
(29, 'jkev', '2013-11-18 20:06:49', '2014-02-13 11:19:36', 14),
(30, 'jkev', '2013-11-23 08:04:27', '2014-02-13 11:19:36', 14),
(31, 'teph', '2013-11-23 12:02:27', '2013-11-30 21:33:02', 13),
(32, 'teph', '2013-11-24 08:55:55', '2013-11-30 21:33:02', 13),
(33, 'jkev', '2013-11-25 10:32:16', '2014-02-13 11:19:36', 14),
(34, 'jkev', '2013-11-25 14:33:05', '2014-02-13 11:19:36', 14),
(35, 'jkev', '2013-11-25 15:02:47', '2014-02-13 11:19:36', 14),
(36, 'jkev', '2013-11-25 21:08:19', '2014-02-13 11:19:36', 14),
(37, 'jkev', '2013-11-25 23:49:58', '2014-02-13 11:19:36', 14),
(38, 'jkev', '2013-11-26 00:32:22', '2014-02-13 11:19:36', 14),
(39, 'jkev', '2013-11-26 10:39:52', '2014-02-13 11:19:36', 14),
(40, 'jkev', '2013-11-26 21:48:05', '2014-02-13 11:19:36', 14),
(41, 'jkev', '2013-11-28 23:00:00', '2014-02-13 11:19:36', 14),
(42, 'jkev', '2013-11-28 23:00:06', '2014-02-13 11:19:36', 14),
(43, 'jkev', '2013-11-30 21:28:54', '2014-02-13 11:19:36', 14),
(44, 'teph', '2013-11-30 21:32:54', '2013-11-30 21:33:02', 13),
(45, 'jkev', '2013-12-04 12:45:09', '2014-02-13 11:19:36', 14),
(46, 'teph', '2013-12-04 14:02:19', '', 13),
(47, 'jkev', '2013-12-11 11:56:15', '2014-02-13 11:19:36', 14),
(48, 'jkev', '2013-12-11 12:04:44', '2014-02-13 11:19:36', 14),
(49, 'jkev', '2013-12-12 09:44:34', '2014-02-13 11:19:36', 14),
(50, 'jkev', '2013-12-13 01:48:23', '2014-02-13 11:19:36', 14),
(51, 'jkev', '2013-12-27 09:13:20', '2014-02-13 11:19:36', 14),
(52, 'jkev', '2013-12-27 10:18:38', '2014-02-13 11:19:36', 14),
(53, 'jkev', '2013-12-27 10:35:43', '2014-02-13 11:19:36', 14),
(54, 'jkev', '2013-12-27 11:08:54', '2014-02-13 11:19:36', 14),
(55, 'jkev', '2013-12-27 11:20:25', '2014-02-13 11:19:36', 14),
(56, 'jkev', '2013-12-27 11:41:58', '2014-02-13 11:19:36', 14),
(57, 'jkev', '2013-12-27 11:43:10', '2014-02-13 11:19:36', 14),
(58, 'jkev', '2013-12-27 14:54:57', '2014-02-13 11:19:36', 14),
(59, 'jkev', '2014-01-12 20:08:26', '2014-02-13 11:19:36', 14),
(60, 'jkev', '2014-01-13 15:24:07', '2014-02-13 11:19:36', 14),
(61, 'jkev', '2014-01-13 18:46:08', '2014-02-13 11:19:36', 14),
(62, 'jkev', '2014-01-15 20:40:15', '2014-02-13 11:19:36', 14),
(63, 'jkev', '2014-01-16 14:42:02', '2014-02-13 11:19:36', 14),
(64, 'jkev', '2014-01-17 09:16:17', '2014-02-13 11:19:36', 14),
(65, 'jkev', '2014-01-17 13:25:51', '2014-02-13 11:19:36', 14),
(66, 'admin', '2014-01-17 14:41:30', '2020-12-21 08:48:16', 15),
(67, 'admin', '2014-01-17 15:56:32', '2020-12-21 08:48:16', 15),
(68, 'admin', '2014-01-26 17:45:31', '2020-12-21 08:48:16', 15),
(69, 'admin', '2014-02-13 10:45:17', '2020-12-21 08:48:16', 15),
(70, 'admin', '2014-02-13 11:05:27', '2020-12-21 08:48:16', 15),
(71, 'jkev', '2014-02-13 11:16:48', '2014-02-13 11:19:36', 14),
(72, 'admin', '2014-02-13 11:55:36', '2020-12-21 08:48:16', 15),
(73, 'admin', '2014-02-13 12:32:38', '2020-12-21 08:48:16', 15),
(74, 'admin', '2014-02-13 12:52:05', '2020-12-21 08:48:16', 15),
(75, 'admin', '2014-02-13 13:04:35', '2020-12-21 08:48:16', 15),
(76, 'jkev', '2014-02-13 14:35:27', '', 14),
(77, 'admin', '2014-02-20 09:40:39', '2020-12-21 08:48:16', 15),
(78, 'admin', '2014-02-20 09:42:21', '2020-12-21 08:48:16', 15),
(79, 'admin', '2014-02-27 22:40:15', '2020-12-21 08:48:16', 15),
(80, 'admin', '2014-02-28 13:12:52', '2020-12-21 08:48:16', 15),
(81, 'admin', '2014-04-02 17:27:47', '2020-12-21 08:48:16', 15),
(82, 'admin', '2014-04-03 15:29:38', '2020-12-21 08:48:16', 15),
(83, 'admin', '2014-06-15 12:31:51', '2020-12-21 08:48:16', 15),
(84, 'Admin', '2020-12-21 08:32:51', '2020-12-21 08:48:16', 15),
(85, 'admin', '2020-12-21 08:48:23', '', 15),
(86, 'admin', '2021-04-23 10:27:25', '', 15);

--
-- Indexes for dumped tables
--

--
-- Indexes for table `activity_log`
--
ALTER TABLE `activity_log`
  ADD PRIMARY KEY (`activity_log_id`);

--
-- Indexes for table `answer`
--
ALTER TABLE `answer`
  ADD PRIMARY KEY (`answer_id`);

--
-- Indexes for table `assignment`
--
ALTER TABLE `assignment`
  ADD PRIMARY KEY (`assignment_id`);

--
-- Indexes for table `class`
--
ALTER TABLE `class`
  ADD PRIMARY KEY (`class_id`);

--
-- Indexes for table `class_quiz`
--
ALTER TABLE `class_quiz`
  ADD PRIMARY KEY (`class_quiz_id`);

--
-- Indexes for table `class_subject_overview`
--
ALTER TABLE `class_subject_overview`
  ADD PRIMARY KEY (`class_subject_overview_id`);

--
-- Indexes for table `content`
--
ALTER TABLE `content`
  ADD PRIMARY KEY (`content_id`);

--
-- Indexes for table `department`
--
ALTER TABLE `department`
  ADD PRIMARY KEY (`department_id`);

--
-- Indexes for table `event`
--
ALTER TABLE `event`
  ADD PRIMARY KEY (`event_id`);

--
-- Indexes for table `files`
--
ALTER TABLE `files`
  ADD PRIMARY KEY (`file_id`);

--
-- Indexes for table `message`
--
ALTER TABLE `message`
  ADD PRIMARY KEY (`message_id`);

--
-- Indexes for table `message_sent`
--
ALTER TABLE `message_sent`
  ADD PRIMARY KEY (`message_sent_id`);

--
-- Indexes for table `notification`
--
ALTER TABLE `notification`
  ADD PRIMARY KEY (`notification_id`);

--
-- Indexes for table `notification_read`
--
ALTER TABLE `notification_read`
  ADD PRIMARY KEY (`notification_read_id`);

--
-- Indexes for table `notification_read_teacher`
--
ALTER TABLE `notification_read_teacher`
  ADD PRIMARY KEY (`notification_read_teacher_id`);

--
-- Indexes for table `question_type`
--
ALTER TABLE `question_type`
  ADD PRIMARY KEY (`question_type_id`);

--
-- Indexes for table `quiz`
--
ALTER TABLE `quiz`
  ADD PRIMARY KEY (`quiz_id`);

--
-- Indexes for table `quiz_question`
--
ALTER TABLE `quiz_question`
  ADD PRIMARY KEY (`quiz_question_id`);

--
-- Indexes for table `school_year`
--
ALTER TABLE `school_year`
  ADD PRIMARY KEY (`school_year_id`);

--
-- Indexes for table `student`
--
ALTER TABLE `student`
  ADD PRIMARY KEY (`student_id`);

--
-- Indexes for table `student_assignment`
--
ALTER TABLE `student_assignment`
  ADD PRIMARY KEY (`student_assignment_id`);

--
-- Indexes for table `student_backpack`
--
ALTER TABLE `student_backpack`
  ADD PRIMARY KEY (`file_id`);

--
-- Indexes for table `student_class_quiz`
--
ALTER TABLE `student_class_quiz`
  ADD PRIMARY KEY (`student_class_quiz_id`);

--
-- Indexes for table `subject`
--
ALTER TABLE `subject`
  ADD PRIMARY KEY (`subject_id`);

--
-- Indexes for table `teacher`
--
ALTER TABLE `teacher`
  ADD PRIMARY KEY (`teacher_id`);

--
-- Indexes for table `teacher_backpack`
--
ALTER TABLE `teacher_backpack`
  ADD PRIMARY KEY (`file_id`);

--
-- Indexes for table `teacher_class`
--
ALTER TABLE `teacher_class`
  ADD PRIMARY KEY (`teacher_class_id`);

--
-- Indexes for table `teacher_class_announcements`
--
ALTER TABLE `teacher_class_announcements`
  ADD PRIMARY KEY (`teacher_class_announcements_id`);

--
-- Indexes for table `teacher_class_student`
--
ALTER TABLE `teacher_class_student`
  ADD PRIMARY KEY (`teacher_class_student_id`);

--
-- Indexes for table `teacher_notification`
--
ALTER TABLE `teacher_notification`
  ADD PRIMARY KEY (`teacher_notification_id`);

--
-- Indexes for table `teacher_shared`
--
ALTER TABLE `teacher_shared`
  ADD PRIMARY KEY (`teacher_shared_id`);

--
-- Indexes for table `users`
--
ALTER TABLE `users`
  ADD PRIMARY KEY (`user_id`);

--
-- Indexes for table `user_log`
--
ALTER TABLE `user_log`
  ADD PRIMARY KEY (`user_log_id`);

--
-- AUTO_INCREMENT for dumped tables
--

--
-- AUTO_INCREMENT for table `activity_log`
--
ALTER TABLE `activity_log`
  MODIFY `activity_log_id` int(11) NOT NULL AUTO_INCREMENT, AUTO_INCREMENT=15;

--
-- AUTO_INCREMENT for table `answer`
--
ALTER TABLE `answer`
  MODIFY `answer_id` int(11) NOT NULL AUTO_INCREMENT, AUTO_INCREMENT=93;

--
-- AUTO_INCREMENT for table `assignment`
--
ALTER TABLE `assignment`
  MODIFY `assignment_id` int(11) NOT NULL AUTO_INCREMENT, AUTO_INCREMENT=32;

--
-- AUTO_INCREMENT for table `class`
--
ALTER TABLE `class`
  MODIFY `class_id` int(11) NOT NULL AUTO_INCREMENT, AUTO_INCREMENT=25;

--
-- AUTO_INCREMENT for table `class_quiz`
--
ALTER TABLE `class_quiz`
  MODIFY `class_quiz_id` int(11) NOT NULL AUTO_INCREMENT, AUTO_INCREMENT=18;

--
-- AUTO_INCREMENT for table `class_subject_overview`
--
ALTER TABLE `class_subject_overview`
  MODIFY `class_subject_overview_id` int(11) NOT NULL AUTO_INCREMENT, AUTO_INCREMENT=2;

--
-- AUTO_INCREMENT for table `content`
--
ALTER TABLE `content`
  MODIFY `content_id` int(11) NOT NULL AUTO_INCREMENT, AUTO_INCREMENT=15;

--
-- AUTO_INCREMENT for table `department`
--
ALTER TABLE `department`
  MODIFY `department_id` int(11) NOT NULL AUTO_INCREMENT, AUTO_INCREMENT=11;

--
-- AUTO_INCREMENT for table `event`
--
ALTER TABLE `event`
  MODIFY `event_id` int(11) NOT NULL AUTO_INCREMENT, AUTO_INCREMENT=19;

--
-- AUTO_INCREMENT for table `files`
--
ALTER TABLE `files`
  MODIFY `file_id` int(11) NOT NULL AUTO_INCREMENT, AUTO_INCREMENT=142;

--
-- AUTO_INCREMENT for table `message`
--
ALTER TABLE `message`
  MODIFY `message_id` int(11) NOT NULL AUTO_INCREMENT, AUTO_INCREMENT=30;

--
-- AUTO_INCREMENT for table `message_sent`
--
ALTER TABLE `message_sent`
  MODIFY `message_sent_id` int(11) NOT NULL AUTO_INCREMENT, AUTO_INCREMENT=15;

--
-- AUTO_INCREMENT for table `notification`
--
ALTER TABLE `notification`
  MODIFY `notification_id` int(11) NOT NULL AUTO_INCREMENT, AUTO_INCREMENT=24;

--
-- AUTO_INCREMENT for table `notification_read`
--
ALTER TABLE `notification_read`
  MODIFY `notification_read_id` int(11) NOT NULL AUTO_INCREMENT, AUTO_INCREMENT=6;

--
-- AUTO_INCREMENT for table `notification_read_teacher`
--
ALTER TABLE `notification_read_teacher`
  MODIFY `notification_read_teacher_id` int(11) NOT NULL AUTO_INCREMENT, AUTO_INCREMENT=9;

--
-- AUTO_INCREMENT for table `quiz`
--
ALTER TABLE `quiz`
  MODIFY `quiz_id` int(11) NOT NULL AUTO_INCREMENT, AUTO_INCREMENT=7;

--
-- AUTO_INCREMENT for table `quiz_question`
--
ALTER TABLE `quiz_question`
  MODIFY `quiz_question_id` int(11) NOT NULL AUTO_INCREMENT, AUTO_INCREMENT=39;

--
-- AUTO_INCREMENT for table `school_year`
--
ALTER TABLE `school_year`
  MODIFY `school_year_id` int(11) NOT NULL AUTO_INCREMENT, AUTO_INCREMENT=6;

--
-- AUTO_INCREMENT for table `student`
--
ALTER TABLE `student`
  MODIFY `student_id` int(11) NOT NULL AUTO_INCREMENT, AUTO_INCREMENT=258;

--
-- AUTO_INCREMENT for table `student_assignment`
--
ALTER TABLE `student_assignment`
  MODIFY `student_assignment_id` int(11) NOT NULL AUTO_INCREMENT, AUTO_INCREMENT=2;

--
-- AUTO_INCREMENT for table `student_backpack`
--
ALTER TABLE `student_backpack`
  MODIFY `file_id` int(11) NOT NULL AUTO_INCREMENT, AUTO_INCREMENT=5;

--
-- AUTO_INCREMENT for table `student_class_quiz`
--
ALTER TABLE `student_class_quiz`
  MODIFY `student_class_quiz_id` int(11) NOT NULL AUTO_INCREMENT, AUTO_INCREMENT=4;

--
-- AUTO_INCREMENT for table `subject`
--
ALTER TABLE `subject`
  MODIFY `subject_id` int(11) NOT NULL AUTO_INCREMENT, AUTO_INCREMENT=43;

--
-- AUTO_INCREMENT for table `teacher`
--
ALTER TABLE `teacher`
  MODIFY `teacher_id` int(11) NOT NULL AUTO_INCREMENT, AUTO_INCREMENT=24;

--
-- AUTO_INCREMENT for table `teacher_backpack`
--
ALTER TABLE `teacher_backpack`
  MODIFY `file_id` int(11) NOT NULL AUTO_INCREMENT;

--
-- AUTO_INCREMENT for table `teacher_class`
--
ALTER TABLE `teacher_class`
  MODIFY `teacher_class_id` int(11) NOT NULL AUTO_INCREMENT, AUTO_INCREMENT=187;

--
-- AUTO_INCREMENT for table `teacher_class_announcements`
--
ALTER TABLE `teacher_class_announcements`
  MODIFY `teacher_class_announcements_id` int(11) NOT NULL AUTO_INCREMENT, AUTO_INCREMENT=40;

--
-- AUTO_INCREMENT for table `teacher_class_student`
--
ALTER TABLE `teacher_class_student`
  MODIFY `teacher_class_student_id` int(11) NOT NULL AUTO_INCREMENT, AUTO_INCREMENT=383;

--
-- AUTO_INCREMENT for table `teacher_notification`
--
ALTER TABLE `teacher_notification`
  MODIFY `teacher_notification_id` int(11) NOT NULL AUTO_INCREMENT, AUTO_INCREMENT=19;

--
-- AUTO_INCREMENT for table `teacher_shared`
--
ALTER TABLE `teacher_shared`
  MODIFY `teacher_shared_id` int(11) NOT NULL AUTO_INCREMENT, AUTO_INCREMENT=2;

--
-- AUTO_INCREMENT for table `users`
--
ALTER TABLE `users`
  MODIFY `user_id` int(11) NOT NULL AUTO_INCREMENT, AUTO_INCREMENT=17;

--
-- AUTO_INCREMENT for table `user_log`
--
ALTER TABLE `user_log`
  MODIFY `user_log_id` int(11) NOT NULL AUTO_INCREMENT, AUTO_INCREMENT=87;
COMMIT;

/*!40101 SET CHARACTER_SET_CLIENT=@OLD_CHARACTER_SET_CLIENT */;
/*!40101 SET CHARACTER_SET_RESULTS=@OLD_CHARACTER_SET_RESULTS */;
/*!40101 SET COLLATION_CONNECTION=@OLD_COLLATION_CONNECTION */;
